categoria,award,clase,pagina,archivo,ancho_pt,alto_pt
Community,Community Helpers,Little Lamb,15,community-helpers.png,104.2,69.9
Community,Cooperation,Helping Hands,17,cooperation.png,98.0,65.8
Community,Country Fun,Helping Hands,21,country-fun.png,98.0,65.8
Community,Fire Safety,Early Bird,25,fire-safety.png,98.0,65.8
Community,Hands of Service,Helping Hands,27,hands-of-service.png,98.0,78.2
Community,My Community Friends,Early Bird,29,my-community-friends.png,98.0,65.8
Community,Road Safety,Sunbeam,33,road-safety.png,98.0,65.8
Crafts,Basket Maker,Helping Hands,41,basket-maker.png,98.0,65.8
Crafts,Bead Craft,Builder,43,bead-craft.png,98.0,65.8
Crafts,Build & Fly,Builder,45,build-fly.png,98.0,67.2
Crafts,Buttons,Busy Bee,51,buttons.png,98.0,65.8
Crafts,Carpenter,Helping Hands,53,carpenter.png,98.0,65.8
Crafts,Colors,Little Lamb,55,colors.png,98.0,65.8
Crafts,Crayons and Markers,Early Bird,57,crayons-and-markers.png,98.0,65.8
Crafts,Finger Play,Little Lamb,59,finger-play.png,90.4,66.2
Crafts,Gadgets and Sand,Early Bird,63,gadgets-and-sand.png,98.0,65.8
Crafts,Glue Right,Sunbeam,65,glue-right.png,98.0,65.8
Crafts,Hand Shadows,Builder,67,hand-shadows.png,98.0,65.8
Crafts,Handicraft,Sunbeam,69,handicraft.png,98.0,65.8
Crafts,Jigsaw Puzzles,Early Bird,71,jigsaw-puzzles.png,98.0,65.8
Crafts,Magnet Fun I,Builder,73,magnet-fun-i.png,98.0,65.8
Crafts,Magnet Fun II,Builder,75,magnet-fun-ii.png,98.0,65.8
Crafts,Media Critic,Builder,77,media-critic.png,98.0,65.8
Crafts,Music I,Little Lamb,79,music-i.png,98.0,65.8
Crafts,Music II,Busy Bee,81,music-ii.png,98.0,65.8
Crafts,My Picture Book,Helping Hands,83,my-picture-book.png,98.0,65.8
Crafts,Postcards,Builder,85,postcards.png,98.0,65.8
Crafts,Reporter,Helping Hands,87,reporter.png,98.0,65.8
Crafts,Shapes and Sizes,Early Bird,89,shapes-and-sizes.png,98.0,65.8
Crafts,Sign Language,Helping Hands,91,sign-language.png,99.2,66.6
Crafts,Sponge Art,Early Bird,93,sponge-art.png,98.0,65.8
Crafts,Stamping Fun I,Early Bird,95,stamping-fun-i.png,98.0,65.8
Crafts,Stamping Fun II,Helping Hands,97,stamping-fun-ii.png,98.0,65.8
Crafts,Tin Can Fun,Builder,101,tin-can-fun.png,98.0,65.8
Home,Alphabet I (Formerly ABC’s),Little Lamb,107,alphabet-i-formerly-abcs.png,98.0,65.8
Home,Alphabet II (Formerly Alphabet Fun),Early Bird,109,alphabet-ii-formerly-alphabet-fun.png,98.7,66.2
Home,Baking,Sunbeam,111,baking.png,98.0,65.8
Home,Collector,Sunbeam,113,collector.png,98.0,65.8
Home,Cooking Fun,Sunbeam,115,cooking-fun.png,98.0,65.8
Home,Courtesy,Sunbeam,117,courtesy.png,98.0,65.8
Home,Family Helper,Builder,119,family-helper.png,98.0,65.8
Home,Gardener,Sunbeam,121,gardener.png,98.0,65.8
Home,Health Specialist,Busy Bee,123,health-specialist.png,98.0,65.8
Home,Healthy Foods,Little Lamb,125,healthy-foods.png,90.4,66.2
Home,Healthy Me,Little Lamb,129,healthy-me.png,98.0,65.8
Home,Home Craft,Builder,133,home-craft.png,98.0,65.8
Home,Home Helper I (Formerly Helping at Home),Early Bird,135,home-helper-i-formerly-helping-at-home.png,98.0,65.8
Home,Home Helper II (Formerly Home Helper),Busy Bee,137,home-helper-ii-formerly-home-helper.png,98.0,65.8
Home,Hygiene,Helping Hands,139,hygiene.png,98.0,65.8
Home,Know Your Body,Early Bird,141,know-your-body.png,98.0,65.8
Home,Manners Fun,Early Bird,143,manners-fun.png,98.0,65.8
Home,My Family,Little Lamb,147,my-family.png,98.0,65.8
Home,Numbers,Little Lamb,151,numbers.png,98.0,65.8
Home,Reading I,Busy Bee,153,reading-i.png,98.0,65.8
Home,Reading II,Sunbeam,155,reading-ii.png,98.0,65.8
Home,Reading III,Builder,157,reading-iii.png,98.0,65.8
Home,Reading IV,Helping Hands,159,reading-iv.png,98.0,65.8
Home,Safety Specialist,Busy Bee,161,safety-specialist.png,98.0,65.8
Home,Sewing Fun,Builder,163,sewing-fun.png,98.0,65.8
Home,Sharing,Little Lamb,165,sharing.png,98.0,65.8
Home,Special Helper,Little Lamb,169,special-helper.png,98.0,65.8
Home,Story Listening I,Little Lamb,173,story-listening-i.png,98.0,65.8
Home,Story Listening II,Early Bird,175,story-listening-ii.png,98.0,65.8
Home,Technology (Formerly Computer Skills),Helping Hands,177,technology-formerly-computer-skills.png,98.0,65.8
Home,Troubadour,Builder,179,troubadour.png,98.0,65.8
Nature,Animals,Early Bird,185,animals.png,98.0,65.8
Nature,Animal Homes,Early Bird,187,animal-homes.png,98.0,65.8
Nature,Astronomer,Builder,189,astronomer.png,98.0,65.8
Nature,Birds,Early Bird,191,birds.png,98.0,65.8
Nature,Bodies of Water,Little Lamb,197,bodies-of-water.png,98.0,65.8
Nature,Butterflies (Formerly Butterfly),Busy Bee,199,butterflies-formerly-butterfly.png,98.0,65.8
Nature,Environmentalist,Helping Hands,203,environmentalist.png,97.5,65.4
Nature,Feathered Friends,Sunbeam,205,feathered-friends.png,98.0,65.8
Nature,Fish,Busy Bee,207,fish.png,98.0,65.8
Nature,Flowers,Busy Bee,209,flowers.png,98.0,65.8
Nature,Friend of Animals,Busy Bee,211,friend-of-animals.png,98.0,65.8
Nature,Friend of Nature,Sunbeam,213,friend-of-nature.png,98.0,65.8
Nature,Geologist,Helping Hands,215,geologist.png,98.0,65.8
Nature,Habitats (Formerly Habitat),Helping Hands,217,habitats-formerly-habitat.png,131.8,71.3
Nature,Honey,Busy Bee,219,honey.png,98.0,65.8
Nature,Honeybees (Formerly Honeybee),Helping Hands,221,honeybees-formerly-honeybee.png,98.0,66.1
Nature,Insects,Little Lamb,223,insects.png,98.0,65.8
Nature,Ladybugs (Formerly Ladybug),Sunbeam,225,ladybugs-formerly-ladybug.png,98.0,65.8
Nature,Lizards,Builder,227,lizards.png,98.0,65.8
Nature,Outdoor Explorer,Helping Hands,229,outdoor-explorer.png,119.0,65.8
Nature,Pets,Early Bird,231,pets.png,98.0,65.8
Nature,Potatoes (Formerly Potato),Busy Bee,233,potatoes-formerly-potato.png,98.0,65.8
Nature,Safe Water,Helping Hands,235,safe-water.png,98.0,65.8
Nature,Sand Art,Busy Bee,237,sand-art.png,98.0,65.8
Nature,Saving Animals,Builder,239,saving-animals.png,98.0,65.8
Nature,Scavenger Hunt,Early Bird,241,scavenger-hunt.png,90.3,67.2
Nature,Seasons,Sunbeam,243,seasons.png,98.0,65.8
Nature,Seeds (Formerly Seed),Sunbeam,245,seeds-formerly-seed.png,98.0,65.8
Nature,Stars,Little Lamb,247,stars.png,98.0,65.8
Nature,Trees,Sunbeam,249,trees.png,98.0,65.8
Nature,Weather I,Little Lamb,253,weather-i.png,90.4,66.2
Nature,Weather II,Helping Hands,255,weather-ii.png,98.0,65.8
Nature,Whales (Formerly Whale),Sunbeam,257,whales-formerly-whale.png,98.0,65.8
Nature,Wooly Lamb,Little Lamb,259,wooly-lamb.png,98.0,65.8
Nature,Zoo Animals,Little Lamb,263,zoo-animals.png,98.0,65.8
Recreation,Archer (Formerly Archery),Helping Hands,269,archer-formerly-archery.png,98.0,65.8
Recreation,Basic Knots (Formerly Knot Tying),Helping Hands,271,basic-knots-formerly-knot-tying.png,98.0,65.8
Recreation,Camper,Sunbeam,273,camper.png,98.0,65.8
Recreation,Canoer (Formerly Canoeing),Builder,275,canoer-formerly-canoeing.png,130.7,82.1
Recreation,Caring Friend,Builder,277,caring-friend.png,98.0,65.8
Recreation,Cyclist I (Formerly Beginning Biking),Early Bird,279,cyclist-i-formerly-beginning-biking.png,105.8,70.9
Recreation,Cyclist II (Formerly Cyclist),Builder,281,cyclist-ii-formerly-cyclist.png,104.4,70.0
Recreation,First Aid Helper,Builder,283,first-aid-helper.png,98.0,65.8
Recreation,Fitness Fun,Sunbeam,285,fitness-fun.png,98.0,65.8
Recreation,Guide,Busy Bee,287,guide.png,98.0,65.8
Recreation,Gymnast,Builder,289,gymnast.png,98.0,65.8
Recreation,Left and Right,Early Bird,293,left-and-right.png,98.0,65.8
Recreation,Olympics (Formerly Olympic),Builder,295,olympics-formerly-olympic.png,98.0,65.8
Recreation,Playing with Friends,Early Bird,299,playing-with-friends.png,98.0,65.8
Recreation,Skater,Helping Hands,305,skater.png,98.0,65.8
Recreation,Skier,Sunbeam,307,skier.png,98.0,65.8
Recreation,Spotter,Busy Bee,311,spotter.png,98.0,65.8
Recreation,Swimmer I (Formerly Beginning Swimming),Early Bird,313,swimmer-i-formerly-beginning-swimming.png,98.0,65.8
Recreation,Swimmer II (Formerly Swimmer I),Busy Bee,315,swimmer-ii-formerly-swimmer-i.png,98.0,65.8
Recreation,Swimmer III (Formerly Swimmer II),Builder,317,swimmer-iii-formerly-swimmer-ii.png,98.0,65.8
Recreation,Toys,Early Bird,319,toys.png,98.0,65.8
Recreation,Trains and Trucks,Little Lamb,321,trains-and-trucks.png,98.0,65.8
Recreation,Trikes and Bikes,Little Lamb,323,trikes-and-bikes.png,98.0,65.8
Spiritual,Acts of Kindness,Sunbeam,329,acts-of-kindness.png,98.0,65.8
Spiritual,Bible Friends I,Little Lamb,333,bible-friends-i.png,98.0,65.8
Spiritual,Bible Friends II,Early Bird,337,bible-friends-ii.png,98.0,65.8
Spiritual,Bible I,Busy Bee,339,bible-i.png,98.0,65.8
Spiritual,Bible II,Sunbeam,341,bible-ii.png,98.0,65.8
Spiritual,Bible III (Formerly Bible II),Builder,343,bible-iii-formerly-bible-ii.png,98.0,65.8
Spiritual,Bible IV,Helping Hands,345,bible-iv.png,98.0,65.8
Spiritual,Bible Royalty,Helping Hands,347,bible-royalty.png,98.0,66.7
Spiritual,Creation,Little Lamb,353,creation.png,98.0,65.8
Spiritual,Delightful Sabbath,Busy Bee,357,delightful-sabbath.png,98.0,65.8
Spiritual,Disciples,Builder,359,disciples.png,98.0,65.8
Spiritual,Early Adventist Pioneers,Helping Hands,361,early-adventist-pioneers.png,98.0,65.8
Spiritual,Friend of Jesus,Sunbeam,363,friend-of-jesus.png,98.0,65.8
Spiritual,Fruits of the Spirit,Helping Hands,365,fruits-of-the-spirit.png,98.0,65.8
Spiritual,God’s World,Early Bird,367,gods-world.png,98.0,65.8
Spiritual,Jesus’ Special Supper,Early Bird,371,jesus-special-supper.png,97.5,65.4
Spiritual,Jesus’ Star,Early Bird,373,jesus-star.png,98.0,65.8
Spiritual,Listening,Busy Bee,375,listening.png,98.0,65.8
Spiritual,Little Boy Jesus,Little Lamb,379,little-boy-jesus.png,98.0,65.8
Spiritual,My Church,Helping Hands,383,my-church.png,98.0,65.8
Spiritual,My Friend Jesus,Little Lamb,385,my-friend-jesus.png,89.9,65.0
Spiritual,Parables of Jesus,Sunbeam,389,parables-of-jesus.png,98.0,66.0
Spiritual,Pearly Gates,Helping Hands,391,pearly-gates.png,98.0,65.8
Spiritual,Prayer,Builder,393,prayer.png,98.0,65.8
Spiritual,Prayer Warrior,Helping Hands,395,prayer-warrior.png,98.0,65.8
Spiritual,Rainbow Promise,Helping Hands,399,rainbow-promise.png,98.0,78.0
Spiritual,Steps to Jesus,Helping Hands,401,steps-to-jesus.png,98.3,74.6
Spiritual,Tabernacle,Helping Hands,403,tabernacle.png,98.0,65.8
Spiritual,Temperance,Builder,405,temperance.png,98.0,65.8
Spiritual,Wise Steward,Builder,407,wise-steward.png,98.0,65.8
Crafts,Artist,Busy Bee,39,artist.png,raster,raster
Crafts,Building Blocks,Early Bird,47,building-blocks.png,raster,raster
