categoria,award,clase,pagina
Community,Community Helpers,Little Lamb,15
Community,Cooperation,Helping Hands,17
Community,Country Fun,Helping Hands,21
Community,Fire Safety,Early Bird,25
Community,Hands of Service,Helping Hands,27
Community,My Community Friends,Early Bird,29
Community,Road Safety,Sunbeam,33
Crafts,Artist,Busy Bee,39
Crafts,Basket Maker,Helping Hands,41
Crafts,Bead Craft,Builder,43
Crafts,Build & Fly,Builder,45
Crafts,Building Blocks,Builder,47
Crafts,Buttons,Busy Bee,51
Crafts,Carpenter,Helping Hands,53
Crafts,Colors,Little Lamb,55
Crafts,Crayons and Markers,Early Bird,57
Crafts,Finger Play,Little Lamb,59
Crafts,Gadgets and Sand,Early Bird,63
Crafts,Glue Right,Sunbeam,65
Crafts,Hand Shadows,Builder,67
Crafts,Handicraft,Sunbeam,69
Crafts,Jigsaw Puzzles,Early Bird,71
Crafts,Magnet Fun I,Builder,73
Crafts,Magnet Fun II,Builder,75
Crafts,Media Critic,Builder,77
Crafts,Music I,Little Lamb,79
Crafts,Music II,Busy Bee,81
Crafts,My Picture Book,Helping Hands,83
Crafts,Postcards,Builder,85
Crafts,Reporter,Helping Hands,87
Crafts,Shapes and Sizes,Early Bird,89
Crafts,Sign Language,Helping Hands,91
Crafts,Sponge Art,Early Bird,93
Crafts,Stamping Fun I,Early Bird,95
Crafts,Stamping Fun II,Helping Hands,97
Crafts,Tin Can Fun,Builder,101
Home,Alphabet I (Formerly ABC’s),Little Lamb,107
Home,Alphabet II (Formerly Alphabet Fun),Early Bird,109
Home,Baking,Sunbeam,111
Home,Collector,Sunbeam,113
Home,Cooking Fun,Sunbeam,115
Home,Courtesy,Sunbeam,117
Home,Family Helper,Builder,119
Home,Gardener,Sunbeam,121
Home,Health Specialist,Busy Bee,123
Home,Healthy Foods,Little Lamb,125
Home,Healthy Me,Little Lamb,129
Home,Home Craft,Builder,133
Home,Home Helper I (Formerly Helping at Home),Early Bird,135
Home,Home Helper II (Formerly Home Helper),Busy Bee,137
Home,Hygiene,Helping Hands,139
Home,Know Your Body,Early Bird,141
Home,Manners Fun,Early Bird,143
Home,My Family,Little Lamb,147
Home,Numbers,Little Lamb,151
Home,Reading I,Busy Bee,153
Home,Reading II,Sunbeam,155
Home,Reading III,Builder,157
Home,Reading IV,Helping Hands,159
Home,Safety Specialist,Busy Bee,161
Home,Sewing Fun,Builder,163
Home,Sharing,Little Lamb,165
Home,Special Helper,Little Lamb,169
Home,Story Listening I,Little Lamb,173
Home,Story Listening II,Early Bird,175
Home,Technology (Formerly Computer Skills),Helping Hands,177
Home,Troubadour,Builder,179
Nature,Animals,Early Bird,185
Nature,Animal Homes,Early Bird,187
Nature,Astronomer,Builder,189
Nature,Birds,Early Bird,191
Nature,Bodies of Water,Little Lamb,197
Nature,Butterflies (Formerly Butterfly),Busy Bee,199
Nature,Environmentalist,Helping Hands,203
Nature,Feathered Friends,Sunbeam,205
Nature,Fish,Busy Bee,207
Nature,Flowers,Busy Bee,209
Nature,Friend of Animals,Busy Bee,211
Nature,Friend of Nature,Sunbeam,213
Nature,Geologist,Helping Hands,215
Nature,Habitats (Formerly Habitat),Helping Hands,217
Nature,Honey,Busy Bee,219
Nature,Honeybees (Formerly Honeybee),Helping Hands,221
Nature,Insects,Little Lamb,223
Nature,Ladybugs (Formerly Ladybug),Sunbeam,225
Nature,Lizards,Builder,227
Nature,Outdoor Explorer,Helping Hands,229
Nature,Pets,Early Bird,231
Nature,Potatoes (Formerly Potato),Busy Bee,233
Nature,Safe Water,Helping Hands,235
Nature,Sand Art,Busy Bee,237
Nature,Saving Animals,Builder,239
Nature,Scavenger Hunt,Early Bird,241
Nature,Seasons,Sunbeam,243
Nature,Seeds (Formerly Seed),Sunbeam,245
Nature,Stars,Little Lamb,247
Nature,Trees,Sunbeam,249
Nature,Weather I,Little Lamb,253
Nature,Weather II,Helping Hands,255
Nature,Whales (Formerly Whale),Sunbeam,257
Nature,Wooly Lamb,Little Lamb,259
Nature,Zoo Animals,Little Lamb,263
Recreation,Archer (Formerly Archery),Helping Hands,269
Recreation,Basic Knots (Formerly Knot Tying),Helping Hands,271
Recreation,Camper,Sunbeam,273
Recreation,Canoer (Formerly Canoeing),Builder,275
Recreation,Caring Friend,Builder,277
Recreation,Cyclist I (Formerly Beginning Biking),Early Bird,279
Recreation,Cyclist II (Formerly Cyclist),Builder,281
Recreation,First Aid Helper,Builder,283
Recreation,Fitness Fun,Sunbeam,285
Recreation,Guide,Busy Bee,287
Recreation,Gymnast,Builder,289
Recreation,Left and Right,Early Bird,293
Recreation,Olympics (Formerly Olympic),Builder,295
Recreation,Playing with Friends,Early Bird,299
Recreation,Skater,Helping Hands,305
Recreation,Skier,Sunbeam,307
Recreation,Spotter,Busy Bee,311
Recreation,Swimmer I (Formerly Beginning Swimming),Early Bird,313
Recreation,Swimmer II (Formerly Swimmer I),Busy Bee,315
Recreation,Swimmer III (Formerly Swimmer II),Builder,317
Recreation,Toys,Early Bird,319
Recreation,Trains and Trucks,Little Lamb,321
Recreation,Trikes and Bikes,Little Lamb,323
Spiritual,Acts of Kindness,Sunbeam,329
Spiritual,Bible Friends I,Little Lamb,333
Spiritual,Bible Friends II,Early Bird,337
Spiritual,Bible I,Busy Bee,339
Spiritual,Bible II,Sunbeam,341
Spiritual,Bible III (Formerly Bible II),Builder,343
Spiritual,Bible IV,Helping Hands,345
Spiritual,Bible Royalty,Helping Hands,347
Spiritual,Creation,Little Lamb,353
Spiritual,Delightful Sabbath,Busy Bee,357
Spiritual,Disciples,Builder,359
Spiritual,Early Adventist Pioneers,Helping Hands,361
Spiritual,Friend of Jesus,Sunbeam,363
Spiritual,Fruits of the Spirit,Helping Hands,365
Spiritual,God’s World,Early Bird,367
Spiritual,Jesus’ Special Supper,Early Bird,371
Spiritual,Jesus’ Star,Early Bird,373
Spiritual,Listening,Busy Bee,375
Spiritual,Little Boy Jesus,Little Lamb,379
Spiritual,My Church,Helping Hands,383
Spiritual,My Friend Jesus,Little Lamb,385
Spiritual,Parables of Jesus,Sunbeam,389
Spiritual,Pearly Gates,Helping Hands,391
Spiritual,Prayer,Builder,393
Spiritual,Prayer Warrior,Helping Hands,395
Spiritual,Rainbow Promise,Helping Hands,399
Spiritual,Steps to Jesus,Helping Hands,401
Spiritual,Tabernacle,Helping Hands,403
Spiritual,Temperance,Builder,405
Spiritual,Wise Steward,Builder,407
